{"format": "layers-model", "generatedBy": "keras v2.11.0", "convertedBy": "TensorFlow.js Converter v4.4.0", "modelTopology": {"keras_version": "2.11.0", "backend": "tensorflow", "model_config": {"class_name": "Sequential", "config": {"name": "sequential_4", "layers": [{"class_name": "InputLayer", "config": {"batch_input_shape": [null, 8], "dtype": "float32", "sparse": false, "ragged": false, "name": "dense_16_input"}}, {"class_name": "Dense", "config": {"name": "dense_16", "trainable": true, "dtype": "float32", "batch_input_shape": [null, 8], "units": 14, "activation": "relu", "use_bias": true, "kernel_initializer": {"class_name": "GlorotUniform", "config": {"seed": null}}, "bias_initializer": {"class_name": "Zeros", "config": {}}, "kernel_regularizer": null, "bias_regularizer": null, "activity_regularizer": null, "kernel_constraint": null, "bias_constraint": null}}, {"class_name": "Dense", "config": {"name": "dense_17", "trainable": true, "dtype": "float32", "units": 8, "activation": "relu", "use_bias": true, "kernel_initializer": {"class_name": "GlorotUniform", "config": {"seed": null}}, "bias_initializer": {"class_name": "Zeros", "config": {}}, "kernel_regularizer": null, "bias_regularizer": null, "activity_regularizer": null, "kernel_constraint": null, "bias_constraint": null}}, {"class_name": "Dense", "config": {"name": "dense_18", "trainable": true, "dtype": "float32", "units": 8, "activation": "relu", "use_bias": true, "kernel_initializer": {"class_name": "GlorotUniform", "config": {"seed": null}}, "bias_initializer": {"class_name": "Zeros", "config": {}}, "kernel_regularizer": null, "bias_regularizer": null, "activity_regularizer": null, "kernel_constraint": null, "bias_constraint": null}}, {"class_name": "Dense", "config": {"name": "dense_19", "trainable": true, "dtype": "float32", "units": 1, "activation": "sigmoid", "use_bias": true, "kernel_initializer": {"class_name": "GlorotUniform", "config": {"seed": null}}, "bias_initializer": {"class_name": "Zeros", "config": {}}, "kernel_regularizer": null, "bias_regularizer": null, "activity_regularizer": null, "kernel_constraint": null, "bias_constraint": null}}]}}, "training_config": {"loss": "binary_crossentropy", "metrics": [[{"class_name": "MeanMetricWrapper", "config": {"name": "accuracy", "dtype": "float32", "fn": "binary_accuracy"}}]], "weighted_metrics": null, "loss_weights": null, "optimizer_config": {"class_name": "Custom>SGD", "config": {"name": "SGD", "weight_decay": null, "clipnorm": null, "global_clipnorm": null, "clipvalue": null, "use_ema": false, "ema_momentum": 0.99, "ema_overwrite_frequency": null, "jit_compile": false, "is_legacy_optimizer": false, "learning_rate": 0.009999999776482582, "momentum": 0.0, "nesterov": false}}}}, "weightsManifest": [{"paths": ["group1-shard1of1.bin"], "weights": [{"name": "dense_16/kernel", "shape": [8, 14], "dtype": "float32"}, {"name": "dense_16/bias", "shape": [14], "dtype": "float32"}, {"name": "dense_17/kernel", "shape": [14, 8], "dtype": "float32"}, {"name": "dense_17/bias", "shape": [8], "dtype": "float32"}, {"name": "dense_18/kernel", "shape": [8, 8], "dtype": "float32"}, {"name": "dense_18/bias", "shape": [8], "dtype": "float32"}, {"name": "dense_19/kernel", "shape": [8, 1], "dtype": "float32"}, {"name": "dense_19/bias", "shape": [1], "dtype": "float32"}]}]}